{
  "blaCTX-M": {
    "variants": [
      "blaCTX-M-2",
      "blaCTX-M-8",
      "blaCTX-M-9",
      "blaCTX-M-14",
      "blaCTX-M-27"
    ],
    "matrix": [
      [
        0.0,
        0.002468,
        0.005311,
        0.005394,
        0.00555
      ],
      [
        0.002468,
        0.0,
        0.003031,
        0.003094,
        0.00312
      ],
      [
        0.005311,
        0.003031,
        0.0,
        5.1e-05,
        0.000123
      ],
      [
        0.005394,
        0.003094,
        5.1e-05,
        0.0,
        4.7e-05
      ],
      [
        0.00555,
        0.00312,
        0.000123,
        4.7e-05,
        0.0
      ]
    ],
    "stats": {
      "n_variants": 5,
      "mean_pairwise_distance": 0.0028189,
      "max_pairwise_distance": 0.00555,
      "min_pairwise_distance": 4.7e-05
    }
  },
  "blaGES": {
    "variants": [
      "blaGES-1",
      "blaGES-5"
    ],
    "matrix": [
      [
        0.0,
        1.2e-05
      ],
      [
        1.2e-05,
        0.0
      ]
    ],
    "stats": {
      "n_variants": 2,
      "mean_pairwise_distance": 1.2e-05,
      "max_pairwise_distance": 1.2e-05,
      "min_pairwise_distance": 1.2e-05
    }
  },
  "blaIMP": {
    "variants": [
      "blaIMP-1",
      "blaIMP-6"
    ],
    "matrix": [
      [
        0.0,
        7.1e-05
      ],
      [
        7.1e-05,
        0.0
      ]
    ],
    "stats": {
      "n_variants": 2,
      "mean_pairwise_distance": 7.1e-05,
      "max_pairwise_distance": 7.1e-05,
      "min_pairwise_distance": 7.1e-05
    }
  },
  "blaKPC": {
    "variants": [
      "blaKPC-2",
      "blaKPC-3",
      "blaKPC-4",
      "blaKPC-5",
      "blaKPC-11",
      "blaKPC-30",
      "blaKPC-31"
    ],
    "matrix": [
      [
        0.0,
        0.000144,
        0.000102,
        0.001771,
        6.8e-05,
        0.00264,
        0.000221
      ],
      [
        0.000144,
        0.0,
        0.000213,
        0.001896,
        0.000147,
        0.002984,
        7e-05
      ],
      [
        0.000102,
        0.000213,
        0.0,
        0.001573,
        0.000131,
        0.002871,
        0.000239
      ],
      [
        0.001771,
        0.001896,
        0.001573,
        0.0,
        0.001833,
        0.004084,
        0.001731
      ],
      [
        6.8e-05,
        0.000147,
        0.000131,
        0.001833,
        0.0,
        0.002823,
        0.000205
      ],
      [
        0.00264,
        0.002984,
        0.002871,
        0.004084,
        0.002823,
        0.0,
        0.003015
      ],
      [
        0.000221,
        7e-05,
        0.000239,
        0.001731,
        0.000205,
        0.003015,
        0.0
      ]
    ],
    "stats": {
      "n_variants": 7,
      "mean_pairwise_distance": 0.0013695714285714288,
      "max_pairwise_distance": 0.004084,
      "min_pairwise_distance": 6.8e-05
    }
  },
  "blaNDM": {
    "variants": [
      "blaNDM-1",
      "blaNDM-2",
      "blaNDM-5",
      "blaNDM-7"
    ],
    "matrix": [
      [
        0.0,
        4.6e-05,
        5.8e-05,
        7.1e-05
      ],
      [
        4.6e-05,
        0.0,
        0.000118,
        0.000114
      ],
      [
        5.8e-05,
        0.000118,
        0.0,
        8.7e-05
      ],
      [
        7.1e-05,
        0.000114,
        8.7e-05,
        0.0
      ]
    ],
    "stats": {
      "n_variants": 4,
      "mean_pairwise_distance": 8.233333333333335e-05,
      "max_pairwise_distance": 0.000118,
      "min_pairwise_distance": 4.6e-05
    }
  },
  "blaOXA": {
    "variants": [
      "blaOXA-48",
      "blaOXA-181",
      "blaOXA-232"
    ],
    "matrix": [
      [
        0.0,
        0.000181,
        0.000181
      ],
      [
        0.000181,
        0.0,
        3.6e-05
      ],
      [
        0.000181,
        3.6e-05,
        0.0
      ]
    ],
    "stats": {
      "n_variants": 3,
      "mean_pairwise_distance": 0.00013266666666666667,
      "max_pairwise_distance": 0.000181,
      "min_pairwise_distance": 3.6e-05
    }
  },
  "blaVIM": {
    "variants": [
      "blaVIM-1",
      "blaVIM-2",
      "blaVIM-4"
    ],
    "matrix": [
      [
        0.0,
        0.002145,
        0.004642
      ],
      [
        0.002145,
        0.0,
        0.007667
      ],
      [
        0.004642,
        0.007667,
        0.0
      ]
    ],
    "stats": {
      "n_variants": 3,
      "mean_pairwise_distance": 0.004818,
      "max_pairwise_distance": 0.007667,
      "min_pairwise_distance": 0.002145
    }
  },
  "mcr-1": {
    "variants": [
      "mcr-1",
      "mcr-1.1"
    ],
    "matrix": [
      [
        0.0,
        0.0
      ],
      [
        0.0,
        0.0
      ]
    ],
    "stats": {
      "n_variants": 2,
      "mean_pairwise_distance": 0.0,
      "max_pairwise_distance": 0.0,
      "min_pairwise_distance": 0.0
    }
  },
  "qnrS": {
    "variants": [
      "qnrS1",
      "qnrS2"
    ],
    "matrix": [
      [
        0.0,
        0.000632
      ],
      [
        0.000632,
        0.0
      ]
    ],
    "stats": {
      "n_variants": 2,
      "mean_pairwise_distance": 0.000632,
      "max_pairwise_distance": 0.000632,
      "min_pairwise_distance": 0.000632
    }
  }
}